1|Katsuma|834-660-4210|881-62|Jong.Felgentreu@ac.be
2|Fanlun|949-764-2459|761-985-2882|Lynnau.Weissmarm@stanford.edu
3|Davi|177-614-7981|506-376-2137|Rajagopalan.Hauschild@toronto.edu
4|Jesus|986-299-6911|292-785-9795|Eenjun.Arden@toronto.edu
5|Charly|878-713-3357|459-546-2793|Ranjeewa.Mezei@filemaker.
6|Frederich|438-135-6922|568-192-7417|Mybrid.Bertsekas@ac.uk
7|Akiro|661-334-7153|587-857-1089|Yuanhui.Devil
8|Ronan|432-374-9270|542-828-9135|Shensheng.Panzer@airmail.net
9|Franquiberto|524-414-8539|721-157-7589|Yusuke.Godo@infomix.com
10|Rozalia|529-938-4507|146-430-3610|Qiwen.Wansing@emc.com
