1|Jong|726-125-2075|Montgomery|Pietsch|Karpjoo.Gyssens@savera.c|Shedroff|Beaumont
2|Somkiat|186-971-1687|Lynnau|Rutherford|Diomidis.Arafa@u|Hoenkamp|Acapulco
3|Sharad|995-322-5850|Emanuela|Budinsky|Puneet.Whitebread@hitachi.com|Halfin|Loui
4|Rajagopalan|9|Takuya|Namjoshi|Branka.Kaka@airmail.net|Ariyawansa|Gainesville
5|Kay|746-295-5930|Eenjun|Sugimura|Heikki.Nagata@lbl.gov|Metge|Las
6|Pesech|426-303-7593|Rajive|Monte|Hosaker.Bittel@uga.edu|Felgentreu|San
7|Ranjeewa|420-695-2199|Jinwoo|Whitebread|Man|Tro|Pittsburgh
8|Sorel|183-944-6631|Mybrid|Weissmarm|Landy.Merges@cmu.edu|Eastman|Guaymas
9|Guozhen|926-882-3198|Hiyan|Ihrig|Daoud.D|Hauschild|Anchorage
10|Yuanhui|390-492-9671|Hsiangchu|Whiteman|Qingyu.Quiros@prc.com|Guil|Barcelona
